{
    "linear_regression": {
        "mse": 5356671477.351577,
        "rmse": 73189.2852632923,
        "mae": 55758.57136630496,
        "r2": 0.8428576425223957
    },
    "random_forest": {
        "mse": 13962817842.15537,
        "rmse": 118164.36790401483,
        "mae": 79141.26910079435,
        "r2": 0.5903892702728387
    },
    "xgboost": {
        "mse": 18024237276.428482,
        "rmse": 134254.37525990905,
        "mae": 98457.80265625,
        "r2": 0.4712441953311548
    }
}